Datetime,Water Level (m)
2026-06-12 00:00:00,-8.501
2026-06-12 01:00:00,-8.501
2026-06-12 02:00:00,-8.501
2026-06-12 03:00:00,-8.501
2026-06-12 04:00:00,-8.501
2026-06-12 05:00:00,-8.501
2026-06-12 06:00:00,-8.501
2026-06-12 07:00:00,-8.501
2026-06-12 08:00:00,-8.501
2026-06-12 09:00:00,-8.501
2026-06-12 10:00:00,0.16883892
2026-06-12 11:00:00,0.17253578
2026-06-12 12:00:00,0.18209167
2026-06-12 13:00:00,0.18919729
2026-06-12 14:00:00,0.19556457
2026-06-12 15:00:00,0.19631541
2026-06-12 16:00:00,0.1919
2026-06-12 17:00:00,0.18580912
2026-06-12 18:00:00,0.18232352
2026-06-12 19:00:00,0.18420036
2026-06-12 20:00:00,0.19266921
2026-06-12 21:00:00,0.20681581
2026-06-12 22:00:00,0.22226371
2026-06-12 23:00:00,0.23600627
2026-06-13 00:00:00,0.2469579
2026-06-13 01:00:00,0.25178277
2026-06-13 02:00:00,0.25055626
2026-06-13 03:00:00,0.24406806
2026-06-13 04:00:00,0.23340498
2026-06-13 05:00:00,0.22022185
2026-06-13 06:00:00,0.20859618
2026-06-13 07:00:00,0.20467696
2026-06-13 08:00:00,0.21048628
2026-06-13 09:00:00,0.22270493
2026-06-13 10:00:00,0.23979782
2026-06-13 11:00:00,0.26111066
2026-06-13 12:00:00,0.2810348
2026-06-13 13:00:00,0.29576766
2026-06-13 14:00:00,0.3060287
2026-06-13 15:00:00,0.31011814
2026-06-13 16:00:00,0.30837718
2026-06-13 17:00:00,0.30257598
2026-06-13 18:00:00,0.29288548
2026-06-13 19:00:00,0.2864954
2026-06-13 20:00:00,0.2876097
2026-06-13 21:00:00,0.2973533
2026-06-13 22:00:00,0.31192085
2026-06-13 23:00:00,0.32858872
2026-06-14 00:00:00,0.34293962
2026-06-14 01:00:00,0.3514866
2026-06-14 02:00:00,0.35656667
2026-06-14 03:00:00,0.3591158
2026-06-14 04:00:00,0.35838747
2026-06-14 05:00:00,0.35402212
2026-06-14 06:00:00,0.34627995
2026-06-14 07:00:00,0.34189624
2026-06-14 08:00:00,0.34883133
2026-06-14 09:00:00,0.3656167
2026-06-14 10:00:00,0.38692287
2026-06-14 11:00:00,0.41159102
2026-06-14 12:00:00,0.43758208
2026-06-14 13:00:00,0.46800452
2026-06-14 14:00:00,0.4927774
2026-06-14 15:00:00,0.50883293
2026-06-14 16:00:00,0.5173547
2026-06-14 17:00:00,0.5191625
2026-06-14 18:00:00,0.5166827
2026-06-14 19:00:00,0.51269776
2026-06-14 20:00:00,0.5099865
2026-06-14 21:00:00,0.5167193
2026-06-14 22:00:00,0.5334159
2026-06-14 23:00:00,0.55435956
2026-06-15 00:00:00,0.57666236
2026-06-15 01:00:00,0.5939952
2026-06-15 02:00:00,0.60514617
2026-06-15 03:00:00,0.61068237
2026-06-15 04:00:00,0.6099216
2026-06-15 05:00:00,0.6047159
2026-06-15 06:00:00,0.59642786
2026-06-15 07:00:00,0.58694696
2026-06-15 08:00:00,0.580128
2026-06-15 09:00:00,0.5825986
2026-06-15 10:00:00,0.59827197
2026-06-15 11:00:00,0.62399554
2026-06-15 12:00:00,0.6542
2026-06-15 13:00:00,0.6836726
2026-06-15 14:00:00,0.70644903
2026-06-15 15:00:00,0.7238437
2026-06-15 16:00:00,0.73629445
2026-06-15 17:00:00,0.7421433
2026-06-15 18:00:00,0.7408272
2026-06-15 19:00:00,0.7352108
2026-06-15 20:00:00,0.7273491
2026-06-15 21:00:00,0.72297007
2026-06-15 22:00:00,0.72832423
2026-06-15 23:00:00,0.7440395
2026-06-16 00:00:00,0.76480836
2026-06-16 01:00:00,0.7858115
2026-06-16 02:00:00,0.8023349
2026-06-16 03:00:00,0.81173193
2026-06-16 04:00:00,0.81412154
2026-06-16 05:00:00,0.8124453
2026-06-16 06:00:00,0.8066291
2026-06-16 07:00:00,0.7977582
2026-06-16 08:00:00,0.7874637
2026-06-16 09:00:00,0.7808658
2026-06-16 10:00:00,0.7856571
2026-06-16 11:00:00,0.80241185
2026-06-16 12:00:00,0.82808125
2026-06-16 13:00:00,0.86032456
2026-06-16 14:00:00,0.8920952
2026-06-16 15:00:00,0.91590834
2026-06-16 16:00:00,0.931676
2026-06-16 17:00:00,0.93683225
2026-06-16 18:00:00,0.93691313
2026-06-16 19:00:00,0.9314845
2026-06-16 20:00:00,0.9236874
2026-06-16 21:00:00,0.9148299
2026-06-16 22:00:00,0.9096575
2026-06-16 23:00:00,0.9146835
2026-06-17 00:00:00,0.92932343
2026-06-17 01:00:00,0.9482832
2026-06-17 02:00:00,0.96585697
2026-06-17 03:00:00,0.97737795
2026-06-17 04:00:00,0.98351264
2026-06-17 05:00:00,0.9852257
2026-06-17 06:00:00,0.9823401
2026-06-17 07:00:00,0.9756827
2026-06-17 08:00:00,0.9662385
2026-06-17 09:00:00,0.9557925
2026-06-17 10:00:00,0.94975233
2026-06-17 11:00:00,0.9564113
2026-06-17 12:00:00,0.97513235
2026-06-17 13:00:00,1.0024308
2026-06-17 14:00:00,1.0345877
2026-06-17 15:00:00,1.0641052
2026-06-17 16:00:00,1.0853261
2026-06-17 17:00:00,1.0952779
2026-06-17 18:00:00,1.0985757
2026-06-17 19:00:00,1.0971886
2026-06-17 20:00:00,1.0912037
2026-06-17 21:00:00,1.0826269
2026-06-17 22:00:00,1.0730734
2026-06-17 23:00:00,1.0688521
2026-06-18 00:00:00,1.0748174
